postUrl,description,commentCount,likeCount,location,locationId,pubDate,likedByViewer,isSidecar,type,caption,profileUrl,username,fullName,imgUrl,postId,query,timestamp,sidecarMedias,taggedFullName1,taggedUsername1,taggedFullName2,taggedUsername2
https://www.instagram.com/p/C1-qNb3R3awVRqmLLuMqfnAVVpUrfuhHRcws3s0/,That’s my girl. Watch out world.,3,47,,,2024-01-11T23:51:06.000Z,false,false,Photo,"Photo by Brook Downton on January 11, 2024.",https://www.instagram.com/brookdownton,brookdownton,Brook Downton,https://scontent-ams4-1.cdninstagram.com/v/t51.29350-15/418757713_274758938648825_5071712424686750228_n.jpg?stp=dst-jpg_e35_tt6&efg=eyJ2ZW5jb2RlX3RhZyI6IkZFRUQuaW1hZ2VfdXJsZ2VuLjcxN3g4OTYuc2RyLmYyOTM1MC5kZWZhdWx0X2ltYWdlIn0&_nc_ht=scontent-ams4-1.cdninstagram.com&_nc_cat=105&_nc_oc=Q6cZ2QEd0QWE58UfC5LDgnvB4fGlaXyKolETztHJiuZ3dNsWMnaBnmw_F7SzKSZjhic14pU&_nc_ohc=cOt6IKEoVHkQ7kNvwEb_m0R&_nc_gid=rT0E3RDbuoQAFEKo6mgZKg&edm=ACWDqb8BAAAA&ccb=7-5&ig_cache_key=MzI3ODI0MzIxOTk5NzQyMzI4MA%3D%3D.3-ccb7-5&oh=00_AfEs_C6H5pECJArB8D5GlX-YKcays_c4rw9zMpza1DNuSA&oe=6807381B&_nc_sid=ee9879,3278243219997423280,https://www.instagram.com/brookdownton/,2025-04-17T21:12:56.200Z,,,,,
https://www.instagram.com/p/CkUdd-eOtWKgueS2dOOwP0KTFWbGuRJtLEZEhI0/,"Great Scott! Super happy with this effort. 9/10 for accuracy, 1/10 for socializing - no chance of getting a beer in there. Happy Halloween! #bttf #vanhalen #martymcfly",1,53,"Woodstock, New York",25971221,2022-10-30T01:37:58.000Z,false,false,Photo,"Photo by Brook Downton in Woodstock, New York.",https://www.instagram.com/brookdownton,brookdownton,Brook Downton,https://scontent-ams2-1.cdninstagram.com/v/t51.29350-15/313047081_629499502056546_5462796601937127980_n.jpg?stp=dst-jpg_e35_p1080x1080_tt6&efg=eyJ2ZW5jb2RlX3RhZyI6IkZFRUQuaW1hZ2VfdXJsZ2VuLjE0NDB4MTYwNy5zZHIuZjI5MzUwLmRlZmF1bHRfaW1hZ2UifQ&_nc_ht=scontent-ams2-1.cdninstagram.com&_nc_cat=106&_nc_oc=Q6cZ2QEd0QWE58UfC5LDgnvB4fGlaXyKolETztHJiuZ3dNsWMnaBnmw_F7SzKSZjhic14pU&_nc_ohc=3dB9IuGpGQoQ7kNvwHGWOEJ&_nc_gid=rT0E3RDbuoQAFEKo6mgZKg&edm=ACWDqb8BAAAA&ccb=7-5&ig_cache_key=Mjk2MDEyMDQ1ODM4MjA3MTE3OA%3D%3D.3-ccb7-5&oh=00_AfFgPBR5231aDTMhzH4CeXFCl7fHdmZpsj3mg9fiqOyDRw&oe=680729A2&_nc_sid=ee9879,2960120458382071178,https://www.instagram.com/brookdownton/,2025-04-17T21:12:56.200Z,,,,,
https://www.instagram.com/p/CdTDotbuSOcNPa3IdMMScPtVyjZmRrIbVPoAMo0/,Very Happy Mother’s Day to this special one. Thanks for keeping us all on the straight and narrow - we luv ya X x x,5,64,"Woodstock, New York",25971221,2022-05-08T12:53:15.000Z,false,true,Photo,,https://www.instagram.com/brookdownton,brookdownton,Brook Downton,https://scontent-ams4-1.cdninstagram.com/v/t51.29350-15/280144295_1152950655559222_4373349506766618268_n.jpg?stp=dst-jpg_e35_s1080x1080_tt6&efg=eyJ2ZW5jb2RlX3RhZyI6IkNBUk9VU0VMX0lURU0uaW1hZ2VfdXJsZ2VuLjE0NDB4MTQ0MC5zZHIuZjI5MzUwLmRlZmF1bHRfaW1hZ2UifQ&_nc_ht=scontent-ams4-1.cdninstagram.com&_nc_cat=110&_nc_oc=Q6cZ2QEd0QWE58UfC5LDgnvB4fGlaXyKolETztHJiuZ3dNsWMnaBnmw_F7SzKSZjhic14pU&_nc_ohc=QE1c4sN1cQwQ7kNvwHQQIhw&_nc_gid=rT0E3RDbuoQAFEKo6mgZKg&edm=ACWDqb8BAAAA&ccb=7-5&ig_cache_key=MjgzMzYyNDU3NzAzODk4MjkxNA%3D%3D.3-ccb7-5&oh=00_AfE5HEjFPPki3Ewq6VyqCy4gocPGweA-u-oJzKbkMh2V1w&oe=680752D0&_nc_sid=ee9879,2833624577038982914,https://www.instagram.com/brookdownton/,2025-04-17T21:12:56.201Z,2,Esther Cunliffe,estherdownton,,
https://www.instagram.com/p/CdTDotbuSOcNPa3IdMMScPtVyjZmRrIbVPoAMo0/,Very Happy Mother’s Day to this special one. Thanks for keeping us all on the straight and narrow - we luv ya X x x,5,64,"Woodstock, New York",25971221,2022-05-08T12:53:15.000Z,false,true,Photo,,https://www.instagram.com/brookdownton,brookdownton,Brook Downton,https://scontent-ams2-1.cdninstagram.com/v/t51.29350-15/280031104_539506434376506_4824186848867624985_n.jpg?stp=dst-jpg_e35_s1080x1080_tt6&efg=eyJ2ZW5jb2RlX3RhZyI6IkNBUk9VU0VMX0lURU0uaW1hZ2VfdXJsZ2VuLjE0NDB4MTQ0MC5zZHIuZjI5MzUwLmRlZmF1bHRfaW1hZ2UifQ&_nc_ht=scontent-ams2-1.cdninstagram.com&_nc_cat=106&_nc_oc=Q6cZ2QEd0QWE58UfC5LDgnvB4fGlaXyKolETztHJiuZ3dNsWMnaBnmw_F7SzKSZjhic14pU&_nc_ohc=luAL8G9LL3MQ7kNvwESiUvb&_nc_gid=rT0E3RDbuoQAFEKo6mgZKg&edm=ACWDqb8BAAAA&ccb=7-5&ig_cache_key=MjgzMzYyNDU3NzA5Nzc0MDQ5MA%3D%3D.3-ccb7-5&oh=00_AfH58qUTokO1NEbTUSBbgJZO9BEOmykCdQDb_x4b_qMXtQ&oe=6807295A&_nc_sid=ee9879,2833624577097740490,https://www.instagram.com/brookdownton/,2025-04-17T21:12:56.201Z,2,Esther Cunliffe,estherdownton,,
https://www.instagram.com/p/CbkQ1mHuaKxZ1TvZsUVGiGdXrKuvXxU3R2cwWg0/,"My heart goes out to Dave and the band and Taylor’s beautiful family. This photo was always a cherished memory of a chance meeting on Carnaby Street - where the universe smiled on me and gave me a super chilled 10 minute chat with a legend that I idolized. This was the day before they headlined Reading Festival that year. Taylor was searching for a studio, being a total tourist on a few spare hours he had. My friend Lee and I spotted him being incognito in a bar and after striking up a convo, we directed him to another pub down the road where he was meeting some friends (and then proceeded to follow him around all evening!). Lovely memory, very lucky to have met him in such a natural way with time to just chat. Special guy and one of a kind. What a loss.",7,61,,,2022-03-26T12:12:54.000Z,false,false,Photo,"Photo by Brook Downton on March 26, 2022.",https://www.instagram.com/brookdownton,brookdownton,Brook Downton,https://scontent-ams2-1.cdninstagram.com/v/t51.29350-15/277291962_351727657013946_6188851483487892480_n.jpg?stp=dst-jpg_e35_tt6&efg=eyJ2ZW5jb2RlX3RhZyI6IkZFRUQuaW1hZ2VfdXJsZ2VuLjg5OXgxMTI0LnNkci5mMjkzNTAuZGVmYXVsdF9pbWFnZSJ9&_nc_ht=scontent-ams2-1.cdninstagram.com&_nc_cat=106&_nc_oc=Q6cZ2QEd0QWE58UfC5LDgnvB4fGlaXyKolETztHJiuZ3dNsWMnaBnmw_F7SzKSZjhic14pU&_nc_ohc=HSTvyWFERdwQ7kNvwEcBLz7&_nc_gid=rT0E3RDbuoQAFEKo6mgZKg&edm=ACWDqb8BAAAA&ccb=7-5&ig_cache_key=MjgwMjQzODkxOTkzOTUzMTQ0MQ%3D%3D.3-ccb7-5&oh=00_AfGv2KgWPNKTdbgLnNokP62G1dZN3d0HiKphQuxbrY5Rug&oe=68072D8D&_nc_sid=ee9879,2802438919939531441,https://www.instagram.com/brookdownton/,2025-04-17T21:12:56.201Z,,,,,
https://www.instagram.com/p/CPVrjEZBPvV9u-K6fccXs5iR8WK55Bt498BZnA0/,Tuning in to the universe. #callofthewyld,3,36,"West Kill, New York",265040880,2021-05-26T14:00:58.000Z,false,false,Photo,"Photo by Brook Downton in West Kill, New York.",https://www.instagram.com/brookdownton,brookdownton,Brook Downton,https://scontent-ams2-1.cdninstagram.com/v/t51.29350-15/191278407_145849410870918_4760216897228314993_n.jpg?stp=dst-jpg_e35_s1080x1080_tt6&efg=eyJ2ZW5jb2RlX3RhZyI6IkZFRUQuaW1hZ2VfdXJsZ2VuLjE0NDB4MTQ0MC5zZHIuZjI5MzUwLmRlZmF1bHRfaW1hZ2UifQ&_nc_ht=scontent-ams2-1.cdninstagram.com&_nc_cat=106&_nc_oc=Q6cZ2QEd0QWE58UfC5LDgnvB4fGlaXyKolETztHJiuZ3dNsWMnaBnmw_F7SzKSZjhic14pU&_nc_ohc=FWOi5rvwu4IQ7kNvwF65z0A&_nc_gid=rT0E3RDbuoQAFEKo6mgZKg&edm=ACWDqb8BAAAA&ccb=7-5&ig_cache_key=MjU4MjE2MTQ4NzI2MzIzNTAyOQ%3D%3D.3-ccb7-5&oh=00_AfFpVnjpQdhM-0gop3u6ixxWq0m3OnENbZxQQn56sgAOoQ&oe=68073C92&_nc_sid=ee9879,2582161487263235029,https://www.instagram.com/brookdownton/,2025-04-17T21:12:56.201Z,,,,,
https://www.instagram.com/p/CO8zr0OhmY8OVBWIrCCN1lv88qo98IOGJDKFvU0/,Happy 40th to two of my besties. Life so far wouldn’t have been half as fun without you. Hope you boys are having maximum fun in your respective hemispheres. Love ya. B x x,2,20,"Woodstock, New York",25971221,2021-05-16T22:11:03.000Z,false,false,Photo,"Photo by Brook Downton in Woodstock, New York with @danny_moggs, and @moggystyle.",https://www.instagram.com/brookdownton,brookdownton,Brook Downton,https://scontent-ams2-1.cdninstagram.com/v/t51.29350-15/186366010_1119522851857980_4306233419677958335_n.jpg?stp=dst-jpg_e35_s1080x1080_tt6&efg=eyJ2ZW5jb2RlX3RhZyI6IkZFRUQuaW1hZ2VfdXJsZ2VuLjE0NDB4MTM0NS5zZHIuZjI5MzUwLmRlZmF1bHRfaW1hZ2UifQ&_nc_ht=scontent-ams2-1.cdninstagram.com&_nc_cat=100&_nc_oc=Q6cZ2QEd0QWE58UfC5LDgnvB4fGlaXyKolETztHJiuZ3dNsWMnaBnmw_F7SzKSZjhic14pU&_nc_ohc=tig3FbQ3uD4Q7kNvwGknkar&_nc_gid=rT0E3RDbuoQAFEKo6mgZKg&edm=ACWDqb8BAAAA&ccb=7-5&ig_cache_key=MjU3NTE2MDM5ODMzNjkxMDkwOA%3D%3D.3-ccb7-5&oh=00_AfGAN_338Ch3YZGSI89nnvJRKhinIOIx9M81jib8YZdKew&oe=68075A46&_nc_sid=ee9879,2575160398336910908,https://www.instagram.com/brookdownton/,2025-04-17T21:12:56.201Z,,Moggsy,danny_moggs,Howy,moggystyle
https://www.instagram.com/p/COqxDkEh0L0pY1xWsJIZIokBIPZx4sF-zL3C100/,,4,47,"Shokan, New York",246893004,2021-05-09T22:01:45.000Z,false,false,Photo,"Photo by Brook Downton in Shokan, New York with @estherdownton.",https://www.instagram.com/brookdownton,brookdownton,Brook Downton,https://scontent-ams2-1.cdninstagram.com/v/t51.29350-15/183568691_371979004191143_8669408042651855758_n.jpg?stp=dst-jpg_e35_s1080x1080_tt6&efg=eyJ2ZW5jb2RlX3RhZyI6IkZFRUQuaW1hZ2VfdXJsZ2VuLjE0NDB4MTQ0MC5zZHIuZjI5MzUwLmRlZmF1bHRfaW1hZ2UifQ&_nc_ht=scontent-ams2-1.cdninstagram.com&_nc_cat=111&_nc_oc=Q6cZ2QEd0QWE58UfC5LDgnvB4fGlaXyKolETztHJiuZ3dNsWMnaBnmw_F7SzKSZjhic14pU&_nc_ohc=8x-X7r8b4rYQ7kNvwH5539X&_nc_gid=rT0E3RDbuoQAFEKo6mgZKg&edm=ACWDqb8BAAAA&ccb=7-5&ig_cache_key=MjU3MDA4MjI4NjUzNjQ0MjYxMg%3D%3D.3-ccb7-5&oh=00_AfHePm1F7A4btjfa06Va836_3vL0sNmqQ8vjnp5lLUlYpw&oe=68074803&_nc_sid=ee9879,2570082286536442612,https://www.instagram.com/brookdownton/,2025-04-17T21:12:56.201Z,,Esther Cunliffe,estherdownton,,
https://www.instagram.com/p/CNKT5NUhYvlbFkMG7rDSa2q2LO-IMthi_ihY8g0/,Check out this curious beaver.,4,29,"Shokan, New York",246893004,2021-04-02T10:59:50.000Z,false,false,Photo,"Photo by Brook Downton in Shokan, New York.",https://www.instagram.com/brookdownton,brookdownton,Brook Downton,https://scontent-ams2-1.cdninstagram.com/v/t51.29350-15/167198662_2823406751214536_2686445851965981760_n.jpg?stp=dst-jpg_e35_tt6&efg=eyJ2ZW5jb2RlX3RhZyI6IkZFRUQuaW1hZ2VfdXJsZ2VuLjExMjR4MTEyNC5zZHIuZjI5MzUwLmRlZmF1bHRfaW1hZ2UifQ&_nc_ht=scontent-ams2-1.cdninstagram.com&_nc_cat=108&_nc_oc=Q6cZ2QEd0QWE58UfC5LDgnvB4fGlaXyKolETztHJiuZ3dNsWMnaBnmw_F7SzKSZjhic14pU&_nc_ohc=tKvl1AkXS0IQ7kNvwEgAmhO&_nc_gid=rT0E3RDbuoQAFEKo6mgZKg&edm=ACWDqb8BAAAA&ccb=7-5&ig_cache_key=MjU0MjkzMjQzMzgwMDg5MTM2NQ%3D%3D.3-ccb7-5&oh=00_AfG_8Kn2EBhM6mBGeKGpMgVibB4BcGjILYKQusJ0qPrbAw&oe=680732E6&_nc_sid=ee9879,2542932433800891365,https://www.instagram.com/brookdownton/,2025-04-17T21:12:56.201Z,,,,,
https://www.instagram.com/p/CMwuWYZhfrFKhaulxTpjHWtLtuj3SxEvGWWX8g0/,Heavy nostalgia today for business trips with the best room service a guitarist can imagine @mediamonks @gibsonguitar,2,32,Memphis Tennesseee,292618128,2021-03-23T12:30:45.000Z,false,false,Photo,Photo by Brook Downton in Memphis Tennesseee.,https://www.instagram.com/brookdownton,brookdownton,Brook Downton,https://scontent-ams4-1.cdninstagram.com/v/t51.29350-15/163698825_1015132145897821_5008778420024848993_n.jpg?stp=dst-jpg_e35_tt6&efg=eyJ2ZW5jb2RlX3RhZyI6IkZFRUQuaW1hZ2VfdXJsZ2VuLjcyMHg3MjAuc2RyLmYyOTM1MC5kZWZhdWx0X2ltYWdlIn0&_nc_ht=scontent-ams4-1.cdninstagram.com&_nc_cat=101&_nc_oc=Q6cZ2QEd0QWE58UfC5LDgnvB4fGlaXyKolETztHJiuZ3dNsWMnaBnmw_F7SzKSZjhic14pU&_nc_ohc=bSpRr8MscGwQ7kNvwFJHdRt&_nc_gid=rT0E3RDbuoQAFEKo6mgZKg&edm=ACWDqb8BAAAA&ccb=7-5&ig_cache_key=MjUzNTczMDQzODM3NTYwMjg4NQ%3D%3D.3-ccb7-5&oh=00_AfHGkjWTNrNMKE1_N1KqrL3NIdv6YyZgVmg16-hUFOZsFA&oe=68073C18&_nc_sid=ee9879,2535730438375602885,https://www.instagram.com/brookdownton/,2025-04-17T21:12:56.201Z,,,,,
,,,,,,,,,,,,,,,,,,,,,,
,,,,,,,,,,,,,,,,,,,,,,
Export limit reached - Get more with our premium plans,,,,,,,,,,,,,,,,,,,,,,
Upgrade to export all your data with the link below:,,,,,,,,,,,,,,,,,,,,,,
https://phbuster.io/upgrade,,,,,,,,,,,,,,,,,,,,,,